{
  "hash": "f64a2d52",
  "configHash": "f7b4f0e5",
  "lockfileHash": "f7d4916c",
  "browserHash": "e10cfdd9",
  "optimized": {
    "@angular/common": {
      "src": "../../../../../node_modules/@angular/common/fesm2022/common.mjs",
      "file": "@angular_common.js",
      "fileHash": "37cb0d5a",
      "needsInterop": false
    },
    "@angular/common/http": {
      "src": "../../../../../node_modules/@angular/common/fesm2022/http.mjs",
      "file": "@angular_common_http.js",
      "fileHash": "94526577",
      "needsInterop": false
    },
    "@angular/core": {
      "src": "../../../../../node_modules/@angular/core/fesm2022/core.mjs",
      "file": "@angular_core.js",
      "fileHash": "4bc30a7e",
      "needsInterop": false
    },
    "@angular/forms": {
      "src": "../../../../../node_modules/@angular/forms/fesm2022/forms.mjs",
      "file": "@angular_forms.js",
      "fileHash": "fd6721d0",
      "needsInterop": false
    },
    "@angular/platform-browser": {
      "src": "../../../../../node_modules/@angular/platform-browser/fesm2022/platform-browser.mjs",
      "file": "@angular_platform-browser.js",
      "fileHash": "418e0801",
      "needsInterop": false
    },
    "@angular/router": {
      "src": "../../../../../node_modules/@angular/router/fesm2022/router.mjs",
      "file": "@angular_router.js",
      "fileHash": "198e53b7",
      "needsInterop": false
    },
    "sweetalert2": {
      "src": "../../../../../node_modules/sweetalert2/dist/sweetalert2.all.js",
      "file": "sweetalert2.js",
      "fileHash": "3e17a9c8",
      "needsInterop": true
    }
  },
  "chunks": {
    "chunk-FTCTZU5K": {
      "file": "chunk-FTCTZU5K.js"
    },
    "chunk-B44PS2KE": {
      "file": "chunk-B44PS2KE.js"
    },
    "chunk-WE4BRW7F": {
      "file": "chunk-WE4BRW7F.js"
    },
    "chunk-LCPPPEBY": {
      "file": "chunk-LCPPPEBY.js"
    },
    "chunk-WKYGNSYM": {
      "file": "chunk-WKYGNSYM.js"
    }
  }
}